-- phpMyAdmin SQL Dump
-- version 4.6.5.2
-- https://www.phpmyadmin.net/
--
-- Host: 127.0.0.1
-- Generation Time: Dec 01, 2017 at 07:20 AM
-- Server version: 10.1.21-MariaDB
-- PHP Version: 5.6.30

SET SQL_MODE = "NO_AUTO_VALUE_ON_ZERO";
SET time_zone = "+00:00";


/*!40101 SET @OLD_CHARACTER_SET_CLIENT=@@CHARACTER_SET_CLIENT */;
/*!40101 SET @OLD_CHARACTER_SET_RESULTS=@@CHARACTER_SET_RESULTS */;
/*!40101 SET @OLD_COLLATION_CONNECTION=@@COLLATION_CONNECTION */;
/*!40101 SET NAMES utf8mb4 */;

--
-- Database: `bingo`
--

-- --------------------------------------------------------

--
-- Table structure for table `caller`
--

CREATE TABLE `caller` (
  `id` int(11) NOT NULL,
  `game_id` int(11) NOT NULL,
  `user_id` int(11) NOT NULL,
  `called_number` varchar(2) NOT NULL
) ENGINE=InnoDB DEFAULT CHARSET=latin1;

--
-- Dumping data for table `caller`
--

INSERT INTO `caller` (`id`, `game_id`, `user_id`, `called_number`) VALUES
(2, 181, 109, '1'),
(3, 181, 109, '50'),
(4, 181, 109, '26'),
(5, 181, 109, '38'),
(6, 181, 109, '56'),
(7, 181, 109, '48'),
(8, 181, 109, '12'),
(9, 181, 109, '31'),
(10, 194, 122, '3'),
(11, 194, 122, '36'),
(12, 194, 122, '40'),
(13, 194, 122, '57'),
(14, 194, 122, '49');

-- --------------------------------------------------------

--
-- Table structure for table `cards`
--

CREATE TABLE `cards` (
  `id` int(11) NOT NULL,
  `player_id` int(11) NOT NULL,
  `game_id` int(11) NOT NULL,
  `serial` text NOT NULL,
  `numbers` text NOT NULL,
  `played` text NOT NULL
) ENGINE=InnoDB DEFAULT CHARSET=latin1;

--
-- Dumping data for table `cards`
--

INSERT INTO `cards` (`id`, `player_id`, `game_id`, `serial`, `numbers`, `played`) VALUES
(3682, 236, 194, '332456', '13,1,4,10,14,19,22,21,17,16,33,40,41,38,55,57,50,56,59,74,63,68,70,73', ''),
(3683, 236, 194, '332456', '5,1,6,9,3,30,21,16,20,22,34,44,37,32,50,46,53,52,56,67,73,61,64,74', ''),
(3684, 236, 194, '332456', '11,4,2,6,15,22,21,17,16,30,39,38,32,41,53,50,52,58,60,63,65,70,75,69', ''),
(3685, 236, 194, '332456', '15,10,8,6,7,24,23,17,21,18,33,40,36,35,49,58,55,59,57,74,61,73,72,62', ''),
(3686, 236, 194, '332456', '15,13,10,8,9,30,16,25,24,20,31,35,36,40,57,60,53,51,58,65,66,71,75,62', ''),
(3687, 236, 194, '332456', '8,9,15,6,11,30,25,27,19,16,36,43,31,33,53,55,58,50,46,69,61,62,64,70', ''),
(3688, 236, 194, '332456', '15,3,8,11,12,19,17,23,24,28,41,31,38,40,52,60,51,46,56,66,70,62,71,65', ''),
(3689, 236, 194, '332456', '5,15,9,8,13,19,16,23,26,22,41,43,34,40,51,54,47,52,57,66,69,62,67,73', ''),
(3690, 236, 194, '332456', '9,14,6,5,10,20,23,29,21,27,45,31,41,33,48,56,60,51,57,75,62,64,66,72', ''),
(3691, 236, 194, '332456', '11,12,8,5,6,30,26,27,21,22,45,38,35,43,49,56,53,51,58,67,73,61,68,65', ''),
(3692, 236, 194, '332456', '9,11,10,5,4,29,17,21,26,16,36,34,43,40,50,60,49,55,52,70,69,73,64,66', ''),
(3693, 236, 194, '332456', '4,7,10,15,12,19,21,24,26,30,34,44,45,41,54,49,56,46,57,67,64,65,61,66', ''),
(3694, 236, 194, '332456', '8,2,7,9,14,23,17,24,28,25,44,35,40,41,52,54,53,48,58,69,66,70,63,72', ''),
(3695, 236, 194, '332456', '5,3,11,1,9,28,26,17,29,27,40,31,44,32,56,53,48,49,60,72,68,71,63,70', ''),
(3696, 236, 194, '332456', '1,6,5,8,14,21,22,20,26,19,34,32,43,38,54,48,52,59,56,73,70,68,71,62', ''),
(3697, 236, 194, '332456', '3,8,4,15,5,20,16,19,29,28,37,35,39,31,48,51,57,47,55,72,66,62,67,64', ''),
(3698, 236, 194, '332456', '8,7,6,11,5,29,27,19,24,21,42,44,34,40,57,50,58,47,46,71,65,74,70,73', ''),
(3699, 236, 194, '332456', '14,9,10,12,5,17,29,27,16,26,37,34,40,32,54,58,59,53,48,61,71,66,70,64', ''),
(3700, 236, 194, '332456', '12,11,3,4,5,28,21,16,26,20,39,37,35,32,52,59,46,53,57,72,65,64,62,70', ''),
(3701, 236, 194, '332456', '11,2,14,12,6,24,25,28,27,30,33,40,43,39,53,46,55,60,48,64,67,63,69,66', ''),
(3702, 236, 194, '332456', '4,10,14,6,13,24,22,27,30,18,34,42,31,44,53,59,48,46,54,75,66,73,74,61', ''),
(3703, 236, 194, '332456', '11,2,5,6,3,19,21,23,22,29,35,41,38,34,56,54,51,52,59,65,64,67,66,63', ''),
(3704, 236, 194, '332456', '12,11,13,6,5,20,30,24,25,18,36,31,35,38,47,46,60,54,53,62,67,68,61,69', ''),
(3705, 236, 194, '332456', '8,9,11,15,14,20,25,19,23,21,36,35,39,43,54,56,59,57,47,61,74,69,72,62', ''),
(3706, 236, 194, '332456', '11,4,15,8,2,27,22,17,16,21,36,31,35,45,60,59,58,54,52,62,68,72,74,64', ''),
(3707, 236, 194, '332456', '11,4,12,13,5,23,19,28,25,29,40,43,36,34,57,58,46,54,53,67,73,75,74,63', ''),
(3708, 236, 194, '332456', '8,10,9,12,3,24,29,30,18,21,44,36,40,35,57,49,59,46,52,75,70,69,62,67', ''),
(3709, 236, 194, '332456', '9,1,7,2,12,27,28,16,17,19,45,41,35,40,46,53,50,47,52,69,72,63,68,65', ''),
(3710, 236, 194, '332456', '11,5,14,12,9,19,22,18,17,28,35,38,40,34,60,48,55,47,56,66,62,65,64,71', ''),
(3711, 236, 194, '332456', '11,14,9,10,15,17,29,18,16,28,37,32,45,41,49,46,50,55,57,64,65,67,69,75', ''),
(3712, 236, 194, '332456', '14,4,1,10,7,29,20,17,28,30,45,32,33,38,54,56,50,49,46,73,68,66,72,65', ''),
(3713, 236, 194, '332456', '11,5,7,6,3,18,26,16,29,27,37,40,34,45,48,51,58,52,59,65,66,70,69,71', ''),
(3714, 236, 194, '332456', '4,12,15,1,3,29,22,19,27,28,40,45,35,37,57,60,48,58,55,74,61,65,70,73', ''),
(3715, 236, 194, '332456', '15,9,1,10,11,28,19,21,25,23,45,34,33,38,57,55,58,59,53,61,69,68,65,67', ''),
(3716, 236, 194, '332456', '15,8,5,7,12,22,21,20,25,27,34,38,45,36,46,48,47,56,55,66,70,61,63,75', ''),
(3717, 236, 194, '332456', '10,2,4,5,15,23,30,19,24,20,38,33,41,45,48,49,58,60,50,62,61,75,63,69', ''),
(3718, 236, 194, '332456', '4,15,14,13,6,22,21,18,28,23,34,43,31,42,49,53,54,60,48,72,64,66,67,63', ''),
(3719, 236, 194, '332456', '10,8,6,5,9,24,26,16,17,30,32,38,40,43,60,49,48,54,53,73,61,62,72,74', ''),
(3720, 236, 194, '332456', '14,4,13,1,8,23,18,26,20,22,35,37,31,43,55,53,47,59,52,71,69,66,68,67', ''),
(3721, 236, 194, '332456', '4,14,2,15,10,16,23,28,22,25,33,38,45,40,59,48,47,56,60,66,65,73,68,74', ''),
(3722, 236, 194, '332456', '2,10,12,13,9,23,19,21,17,25,44,39,36,38,52,48,54,51,46,72,68,65,71,62', ''),
(3723, 236, 194, '332456', '10,12,5,7,9,29,21,25,16,26,45,31,38,42,60,58,57,52,50,63,65,71,74,75', ''),
(3724, 236, 194, '332456', '15,5,9,2,12,19,26,25,24,27,44,34,39,33,50,49,60,48,46,64,74,66,63,65', ''),
(3725, 236, 194, '332456', '13,6,4,9,15,23,19,29,30,27,32,45,42,37,55,47,50,54,56,69,74,62,71,73', ''),
(3726, 236, 194, '332456', '5,15,10,6,4,25,26,19,30,22,37,36,44,45,56,48,49,46,47,69,63,74,70,73', ''),
(3727, 236, 194, '332456', '6,14,11,8,15,21,20,24,29,30,39,40,34,43,56,60,47,48,52,61,69,71,67,63', ''),
(3728, 236, 194, '332456', '14,13,2,8,9,23,22,24,26,30,34,38,32,40,60,50,53,49,51,64,75,70,67,66', ''),
(3729, 236, 194, '332456', '5,9,4,12,11,20,25,26,19,22,40,34,43,39,56,54,50,60,53,75,73,61,67,74', ''),
(3730, 236, 194, '332456', '5,9,15,13,6,17,30,16,23,20,39,42,33,36,52,57,54,47,56,71,64,62,68,67', ''),
(3731, 236, 194, '332456', '15,5,8,10,2,21,20,30,18,26,36,42,37,31,58,50,46,52,56,67,66,73,74,68', ''),
(3732, 236, 194, '332456', '10,14,5,7,3,21,20,30,24,16,35,32,38,45,46,50,47,54,53,70,62,68,61,73', ''),
(3733, 236, 194, '332456', '2,6,14,15,9,26,21,24,22,18,37,42,35,38,52,48,51,60,53,68,67,62,64,65', ''),
(3734, 236, 194, '332456', '3,14,11,9,2,26,28,19,27,25,38,32,45,39,47,51,46,55,54,62,64,72,74,70', ''),
(3735, 236, 194, '332456', '3,8,9,12,10,19,26,16,25,17,41,33,43,38,58,59,53,50,54,65,72,74,73,62', ''),
(3736, 236, 194, '332456', '11,14,15,6,8,18,19,23,25,28,34,40,36,33,49,58,53,47,52,71,67,62,70,65', ''),
(3737, 236, 194, '332456', '1,5,10,2,11,28,23,20,24,26,33,45,36,34,46,54,48,51,60,62,65,70,73,75', ''),
(3738, 236, 194, '332456', '8,6,14,2,12,18,17,22,24,20,41,38,36,32,56,46,57,58,48,61,64,63,65,71', ''),
(3739, 236, 194, '332456', '14,1,12,13,6,26,28,19,21,20,31,38,39,35,46,48,55,54,58,65,62,67,61,75', ''),
(3740, 236, 194, '332456', '8,11,14,1,10,19,26,24,21,20,34,33,45,36,57,60,49,54,55,69,61,71,73,72', ''),
(3741, 236, 194, '332456', '8,7,10,2,13,24,28,23,29,21,43,39,42,38,59,51,58,55,47,73,61,67,69,63', ''),
(3742, 236, 194, '332456', '8,14,9,10,7,20,27,23,18,17,44,34,35,33,47,60,46,51,58,72,66,63,70,75', ''),
(3743, 236, 194, '332456', '2,12,13,14,9,29,30,18,25,27,36,31,45,40,59,55,47,56,49,65,74,69,67,62', ''),
(3744, 236, 194, '332456', '1,4,2,10,14,29,21,22,26,30,38,31,36,41,55,50,52,59,49,67,66,65,72,74', ''),
(3745, 236, 194, '332456', '1,2,6,5,8,18,19,24,21,27,35,45,44,33,58,55,51,57,49,73,72,65,75,69', ''),
(3746, 236, 194, '332456', '6,4,9,8,3,27,23,28,22,26,36,41,35,31,50,57,59,53,47,72,66,64,71,75', ''),
(3747, 236, 194, '332456', '8,12,13,14,1,26,22,28,27,19,41,32,37,35,48,49,46,53,58,61,71,66,67,65', ''),
(3748, 236, 194, '332456', '15,8,7,1,14,26,23,20,19,17,39,35,41,43,46,56,57,58,52,62,63,74,72,69', ''),
(3749, 236, 194, '332456', '15,10,6,4,3,24,17,18,25,19,35,42,32,33,54,48,47,52,46,62,74,68,70,63', ''),
(3750, 236, 194, '332456', '15,11,8,2,13,26,28,27,30,16,41,38,45,40,46,55,59,58,49,68,64,71,75,73', ''),
(3751, 236, 194, '332456', '3,8,11,4,12,20,16,19,24,26,35,32,39,44,46,54,48,53,57,68,75,67,65,69', ''),
(3752, 236, 194, '332456', '8,10,11,5,1,24,20,21,19,28,37,31,36,44,58,55,52,53,49,72,74,75,68,65', ''),
(3753, 236, 194, '332456', '7,5,9,4,15,16,27,25,28,18,31,34,42,45,55,49,52,50,56,71,72,66,70,61', ''),
(3754, 236, 194, '332456', '1,3,7,6,5,18,27,25,19,16,40,32,36,42,57,54,56,55,48,61,71,75,69,72', ''),
(3755, 236, 194, '332456', '12,5,10,8,3,25,24,26,16,29,41,39,42,35,50,49,54,56,59,74,63,73,70,72', ''),
(3756, 236, 194, '332456', '7,1,4,6,2,24,25,21,18,27,34,38,44,31,46,53,60,54,59,70,61,68,64,67', ''),
(3757, 236, 194, '332456', '13,12,14,8,7,18,30,26,29,21,39,38,34,35,52,55,54,58,46,65,68,75,70,74', ''),
(3758, 236, 194, '332456', '9,8,2,1,5,17,19,29,18,28,41,44,43,36,55,47,48,52,59,72,68,66,74,71', ''),
(3759, 236, 194, '332456', '9,14,7,5,11,27,24,25,29,16,43,34,31,37,60,46,48,56,50,66,69,64,65,75', ''),
(3760, 236, 194, '332456', '15,5,3,12,4,16,26,27,21,22,32,35,40,39,55,47,54,50,49,71,64,66,63,74', ''),
(3761, 236, 194, '332456', '8,11,7,4,2,20,28,29,26,21,40,45,38,44,46,53,47,57,59,64,70,67,75,65', ''),
(3762, 236, 194, '332456', '5,14,15,12,6,22,20,23,26,17,38,35,40,41,56,51,52,49,58,70,65,61,66,64', ''),
(3763, 236, 194, '332456', '6,4,12,7,9,27,25,22,29,21,41,44,42,38,52,54,57,55,47,73,62,72,65,74', ''),
(3764, 236, 194, '332456', '4,3,13,8,9,27,20,22,16,19,35,31,39,42,48,55,52,57,54,68,74,72,61,62', ''),
(3765, 236, 194, '332456', '6,14,8,11,10,20,23,26,25,28,37,41,32,38,51,59,56,52,58,68,71,67,61,73', ''),
(3766, 236, 194, '332456', '15,9,14,10,13,18,22,30,28,21,41,31,33,35,49,46,48,54,52,70,68,62,66,72', ''),
(3767, 236, 194, '332456', '3,8,4,6,9,24,26,19,16,29,42,34,35,37,52,59,60,47,55,61,75,68,70,67', ''),
(3768, 236, 194, '332456', '2,15,14,10,7,24,19,23,25,21,35,38,31,41,57,59,52,55,50,69,65,72,64,75', ''),
(3769, 236, 194, '332456', '6,3,4,14,1,16,18,21,28,17,40,33,45,37,59,57,52,56,50,65,68,73,75,69', ''),
(3770, 236, 194, '332456', '10,15,2,14,1,21,29,28,16,22,38,37,36,34,56,52,53,48,57,71,72,64,61,63', ''),
(3771, 236, 194, '332456', '9,12,13,2,4,23,27,18,21,29,37,38,39,43,56,48,59,55,51,63,65,70,68,61', ''),
(3772, 236, 194, '332456', '12,2,10,11,8,23,19,18,30,20,45,34,35,44,54,51,50,57,52,71,67,75,70,72', ''),
(3773, 236, 194, '332456', '1,2,8,14,7,28,19,26,25,16,43,42,45,36,54,53,58,59,48,65,61,66,73,62', ''),
(3774, 236, 194, '332456', '8,1,11,6,3,22,26,21,17,16,37,42,40,41,51,54,50,58,59,69,65,74,64,68', ''),
(3775, 236, 194, '332456', '7,4,8,13,15,18,29,24,25,17,35,39,33,43,58,53,51,49,48,64,66,69,65,61', ''),
(3776, 236, 194, '332456', '11,6,10,3,14,24,17,22,18,21,44,32,40,42,50,54,55,58,46,65,66,64,63,67', ''),
(3777, 236, 194, '332456', '13,6,9,11,10,23,18,22,17,20,32,43,33,39,57,60,56,46,51,64,69,72,75,61', ''),
(3778, 236, 194, '332456', '2,6,4,3,7,28,20,26,29,16,37,34,36,45,56,53,59,58,50,70,65,67,64,72', ''),
(3779, 236, 194, '332456', '15,9,5,6,13,19,29,18,24,17,45,40,41,38,50,48,52,55,53,63,74,73,67,68', ''),
(3780, 236, 194, '332456', '3,14,15,6,2,26,18,29,17,21,44,31,39,35,56,47,59,60,53,74,73,72,61,62', ''),
(3781, 236, 194, '332456', '10,3,15,12,7,25,19,18,22,16,36,32,34,43,56,54,47,53,51,68,75,63,61,66', ''),
(3782, 236, 194, '332456', '15,8,4,7,13,19,23,16,30,25,42,40,34,39,46,53,49,54,51,69,72,75,73,74', ''),
(3783, 236, 194, '332456', '15,10,3,11,13,16,18,27,25,23,41,40,45,43,48,47,54,46,56,61,74,72,70,67', ''),
(3784, 236, 194, '332456', '8,1,6,4,15,22,25,24,23,29,43,44,31,34,60,49,54,51,52,66,72,61,68,69', ''),
(3785, 236, 194, '332456', '12,5,6,3,14,29,28,20,17,24,34,32,41,44,50,46,52,55,53,68,66,67,65,72', ''),
(3786, 236, 194, '332456', '3,4,12,2,7,17,29,22,27,26,32,31,41,35,60,59,47,52,53,69,72,61,68,63', ''),
(3787, 236, 194, '332456', '4,6,2,10,3,21,16,28,26,20,31,43,37,42,60,54,58,52,50,69,75,68,74,63', ''),
(3788, 236, 194, '332456', '13,7,11,1,6,28,27,26,20,22,45,41,35,44,49,54,60,52,55,69,61,63,74,68', ''),
(3789, 236, 194, '332456', '4,15,11,7,2,24,29,23,16,19,45,43,38,41,57,58,47,51,46,72,62,68,61,65', ''),
(3790, 236, 194, '332456', '4,2,1,10,15,23,30,18,28,25,35,42,45,31,59,53,55,60,51,64,74,71,68,72', ''),
(3791, 236, 194, '332456', '7,12,15,5,8,26,28,19,30,27,45,36,35,32,57,49,51,48,53,64,70,69,63,74', ''),
(3792, 236, 194, '332456', '1,13,5,6,8,28,16,27,25,17,42,43,31,41,55,60,50,47,59,67,72,65,66,68', ''),
(3793, 236, 194, '332456', '9,6,14,2,8,22,29,26,17,24,38,37,42,45,55,52,50,48,57,75,67,72,65,70', ''),
(3794, 236, 194, '332456', '1,11,15,13,14,20,18,25,19,23,40,45,32,33,50,47,46,48,53,67,66,73,72,71', ''),
(3795, 236, 194, '332456', '11,4,7,3,2,30,16,21,29,22,40,33,45,42,50,52,60,53,58,74,72,67,68,73', ''),
(3796, 236, 194, '332456', '12,3,10,7,4,28,26,17,18,20,36,37,39,45,53,60,50,58,59,62,75,71,66,64', ''),
(3797, 236, 194, '332456', '10,9,4,12,14,23,29,28,19,21,36,43,42,32,53,52,59,48,50,74,70,65,75,67', ''),
(3798, 236, 194, '332456', '7,9,6,2,11,28,21,29,18,16,38,33,40,43,53,59,46,52,47,66,68,65,74,71', ''),
(3799, 236, 194, '332456', '9,1,10,12,3,19,30,18,23,27,37,36,44,35,46,56,54,59,49,65,66,72,70,74', ''),
(3800, 236, 194, '332456', '3,11,7,9,8,25,29,26,16,17,44,36,34,33,49,55,50,48,56,69,64,68,75,63', ''),
(3801, 236, 194, '332456', '12,3,7,4,9,25,29,26,17,24,35,38,37,39,60,59,51,49,50,70,75,68,72,63', ''),
(3802, 236, 194, '332456', '10,15,3,14,5,18,27,21,19,30,42,39,40,43,47,60,46,51,57,62,74,70,71,69', ''),
(3803, 236, 194, '332456', '8,5,6,10,13,26,21,29,22,28,33,32,45,36,59,58,47,54,53,72,67,70,66,62', ''),
(3804, 236, 194, '332456', '5,4,11,12,13,21,17,30,22,25,41,40,31,44,51,57,58,53,48,75,69,61,72,70', ''),
(3805, 236, 194, '332456', '14,12,2,15,13,30,26,16,17,23,33,44,36,43,54,57,59,53,46,68,66,69,67,72', ''),
(3806, 236, 194, '332456', '3,8,1,14,5,25,29,19,24,18,44,36,43,31,48,57,53,58,59,71,63,66,73,65', ''),
(3807, 236, 194, '332456', '6,13,7,1,11,23,28,22,25,19,44,38,34,32,46,56,59,51,49,65,62,71,64,67', ''),
(3808, 236, 194, '332456', '15,7,3,10,2,22,19,18,17,23,37,43,39,38,54,57,56,46,49,67,64,71,68,63', ''),
(3809, 236, 194, '332456', '8,5,15,4,6,23,22,27,29,26,38,33,34,43,59,57,48,49,51,61,74,67,62,66', ''),
(3810, 236, 194, '332456', '9,12,15,14,1,20,24,25,22,27,31,34,41,36,60,52,55,54,59,63,62,64,75,73', ''),
(3811, 236, 194, '332456', '6,5,11,13,15,20,27,18,25,21,35,39,43,41,60,50,49,58,46,63,69,74,73,72', ''),
(3812, 236, 194, '332456', '5,13,4,9,12,23,17,25,22,26,32,41,44,45,59,49,46,47,55,67,72,64,74,62', ''),
(3813, 236, 194, '332456', '14,8,2,9,13,18,19,17,24,30,43,40,39,34,51,58,46,53,48,62,73,74,71,64', ''),
(3814, 236, 194, '332456', '1,4,2,12,10,17,22,23,27,26,36,38,34,31,60,56,55,47,52,63,70,64,62,61', ''),
(3815, 236, 194, '332456', '15,12,3,4,2,28,22,18,20,24,41,43,35,36,47,52,58,54,49,61,68,74,63,62', ''),
(3816, 236, 194, '332456', '5,6,11,1,14,22,25,30,27,16,43,38,39,41,58,51,54,50,48,69,73,68,74,75', ''),
(3817, 236, 194, '332456', '1,2,15,8,7,21,28,17,24,23,37,35,44,34,48,55,60,52,51,62,74,73,68,66', ''),
(3818, 236, 194, '332456', '6,3,7,1,10,20,27,24,22,26,44,32,36,35,49,60,55,53,50,61,72,71,63,65', ''),
(3819, 236, 194, '332456', '7,6,1,12,15,19,21,16,29,25,42,39,31,40,49,50,56,57,54,61,69,73,66,71', ''),
(3820, 236, 194, '332456', '10,12,1,2,7,19,27,18,16,17,40,32,41,42,47,50,54,52,48,62,63,71,61,64', ''),
(3821, 236, 194, '332456', '3,7,15,10,11,25,28,17,30,21,42,36,34,43,52,50,56,59,48,65,67,64,74,69', ''),
(3822, 236, 194, '332456', '7,11,6,12,4,18,17,16,25,29,43,32,35,38,60,52,46,50,55,65,66,67,69,70', ''),
(3823, 236, 194, '332456', '6,7,1,13,10,29,18,19,24,25,43,37,41,36,51,54,60,58,47,65,63,69,73,70', ''),
(3824, 236, 194, '332456', '1,2,5,7,10,19,30,21,16,20,45,38,33,31,48,50,54,57,46,74,68,72,63,69', ''),
(3825, 236, 194, '332456', '3,7,14,10,12,17,30,29,21,27,31,42,36,40,51,53,55,50,52,63,65,66,68,72', ''),
(3826, 236, 194, '332456', '5,10,15,7,14,22,19,26,29,25,38,37,40,45,54,49,58,46,52,61,67,74,72,68', ''),
(3827, 236, 194, '332456', '4,2,14,12,13,26,16,22,23,29,37,32,34,31,56,52,54,51,47,63,62,61,73,67', ''),
(3828, 236, 194, '332456', '6,7,8,14,11,25,26,23,29,19,44,32,41,40,60,56,46,48,53,62,64,66,67,63', ''),
(3829, 236, 194, '332456', '10,12,6,3,8,16,25,18,27,30,41,39,34,42,46,59,55,53,49,64,74,75,68,66', ''),
(3830, 236, 194, '332456', '5,3,1,10,14,25,16,30,29,21,35,36,38,42,54,58,56,60,48,63,62,75,69,74', ''),
(3831, 236, 194, '332456', '15,5,1,4,9,24,25,23,16,19,43,34,44,40,57,56,51,50,60,75,68,74,62,61', ''),
(3832, 236, 194, '332456', '13,5,7,8,9,21,18,23,30,26,44,32,45,31,50,49,47,51,54,74,75,65,68,72', ''),
(3833, 236, 194, '332456', '11,2,9,4,1,29,18,26,28,17,45,40,34,31,55,57,60,52,51,64,61,72,73,62', ''),
(3834, 236, 194, '332456', '5,2,14,6,1,20,26,27,29,18,37,34,40,43,47,46,56,59,49,69,75,70,65,62', ''),
(3835, 236, 194, '332456', '8,1,3,5,11,18,29,24,27,17,45,40,42,43,47,54,60,52,55,62,70,61,63,65', ''),
(3836, 236, 194, '332456', '5,2,3,15,9,28,20,30,29,18,39,44,31,40,46,47,50,57,54,67,72,66,75,70', ''),
(3837, 236, 194, '332456', '14,2,10,12,8,16,22,30,29,23,40,35,43,42,49,59,50,58,55,65,75,63,73,64', ''),
(3838, 236, 194, '332456', '14,8,13,12,4,23,19,30,25,18,31,34,45,44,46,60,55,51,59,62,74,63,69,70', ''),
(3839, 236, 194, '332456', '13,7,5,6,1,17,25,23,18,24,39,35,33,34,55,54,50,57,48,70,68,74,69,67', ''),
(3840, 236, 194, '332456', '8,5,12,9,15,21,25,28,22,23,35,34,43,41,48,56,58,57,55,71,67,64,61,73', ''),
(3841, 236, 194, '332456', '12,6,5,9,13,20,22,26,27,24,35,31,42,40,47,57,53,46,56,71,61,62,73,65', ''),
(3842, 236, 194, '332456', '8,15,7,1,4,21,29,28,16,23,33,35,38,42,46,57,49,59,56,70,66,74,72,71', ''),
(3843, 236, 194, '332456', '13,4,2,15,1,26,16,27,18,17,36,43,40,42,48,57,59,56,49,66,71,61,65,62', ''),
(3844, 236, 194, '332456', '10,15,8,4,1,24,18,17,20,30,42,43,35,33,54,46,51,60,59,64,74,71,62,67', ''),
(3845, 236, 194, '332456', '10,12,7,9,4,30,20,19,28,16,37,36,44,42,58,47,48,52,53,63,70,73,62,75', ''),
(3846, 236, 194, '332456', '14,15,13,5,1,26,21,25,28,18,45,32,44,40,50,59,52,53,57,63,67,74,68,69', ''),
(3847, 236, 194, '332456', '14,3,13,9,5,28,20,26,22,27,31,34,33,36,50,48,51,55,54,64,66,67,63,75', ''),
(3848, 236, 194, '332456', '8,15,14,5,4,24,18,16,17,29,45,37,41,38,54,53,56,47,59,63,73,66,64,68', ''),
(3849, 236, 194, '332456', '6,14,9,3,12,25,28,18,27,20,38,45,42,40,50,52,57,47,58,71,65,74,69,66', ''),
(3850, 236, 194, '332456', '12,1,8,3,7,18,29,19,26,28,40,44,32,45,56,46,49,47,59,64,62,70,71,69', ''),
(3851, 236, 194, '332456', '14,10,9,7,11,17,21,24,30,22,44,37,45,32,58,59,53,52,51,66,61,65,67,68', ''),
(3852, 236, 194, '332456', '12,9,7,6,5,21,22,23,18,30,42,37,43,33,50,55,58,59,47,74,73,61,68,64', ''),
(3853, 236, 194, '332456', '9,6,3,13,7,26,28,27,19,25,37,43,31,36,56,49,57,59,47,75,68,64,71,70', ''),
(3854, 236, 194, '332456', '15,11,7,14,12,28,22,20,17,29,41,32,33,45,58,49,53,51,60,63,73,72,68,69', ''),
(3855, 236, 194, '332456', '8,6,9,4,12,24,29,22,18,30,33,40,39,45,49,55,53,52,51,72,70,61,75,64', ''),
(3856, 236, 194, '332456', '3,9,7,6,15,26,16,17,19,23,35,37,43,39,48,54,59,60,46,69,70,61,75,63', ''),
(3857, 236, 194, '332456', '7,6,4,9,13,18,29,17,26,16,32,45,33,42,52,53,48,50,59,69,67,70,65,74', ''),
(3858, 236, 194, '332456', '7,8,14,4,6,23,20,30,27,17,34,43,38,35,52,57,48,51,60,69,67,74,62,66', ''),
(3859, 236, 194, '332456', '15,1,4,10,3,27,16,26,18,17,32,31,36,33,47,49,50,52,56,64,70,68,74,62', ''),
(3860, 236, 194, '332456', '15,8,13,2,12,27,22,23,21,28,33,43,31,44,51,60,57,54,46,74,62,73,71,65', ''),
(3861, 236, 194, '332456', '9,14,10,6,15,18,28,26,22,24,37,33,38,39,60,48,59,56,50,72,63,69,64,62', ''),
(3862, 236, 194, '332456', '12,3,8,1,2,18,24,16,20,27,32,31,35,40,53,58,55,46,51,74,62,71,61,68', ''),
(3863, 236, 194, '332456', '7,8,11,6,5,24,25,19,17,23,33,41,31,32,55,47,54,48,59,65,69,62,70,75', ''),
(3864, 236, 194, '332456', '13,4,12,10,2,23,19,27,16,18,40,45,36,44,53,57,52,59,55,63,70,62,73,69', ''),
(3865, 236, 194, '332456', '13,3,4,6,14,23,28,24,25,16,41,39,34,40,48,49,52,59,53,70,73,69,65,63', ''),
(3866, 236, 194, '332456', '11,8,6,1,7,26,21,29,30,23,44,31,45,35,58,52,55,50,54,68,74,67,69,75', ''),
(3867, 236, 194, '332456', '9,7,10,13,2,23,20,27,19,22,39,34,32,43,50,55,58,46,52,75,65,71,68,73', ''),
(3868, 236, 194, '332456', '14,7,4,12,8,29,27,30,25,16,37,43,41,32,59,50,49,54,46,74,73,64,61,62', ''),
(3869, 236, 194, '332456', '9,8,5,7,14,18,17,23,26,27,37,44,33,32,59,53,55,49,60,72,65,69,61,68', ''),
(3870, 236, 194, '332456', '5,2,13,15,1,27,26,29,21,25,36,44,45,41,47,50,51,59,53,62,67,66,74,70', ''),
(3871, 236, 194, '332456', '9,3,10,2,6,16,23,25,21,17,43,45,42,40,55,50,52,48,51,69,73,67,62,74', ''),
(3872, 236, 194, '332456', '14,2,6,5,7,24,22,17,29,21,39,45,41,32,47,50,52,59,53,73,62,69,68,70', ''),
(3873, 236, 194, '332456', '11,12,7,10,3,25,22,18,21,20,36,40,31,32,55,60,50,58,51,65,70,64,73,63', ''),
(3874, 236, 194, '332456', '10,12,8,11,4,30,25,24,22,17,38,32,34,35,57,56,52,49,48,66,62,71,75,70', ''),
(3875, 236, 194, '332456', '1,6,10,5,12,27,16,26,23,22,36,45,33,44,52,59,57,49,56,68,62,70,74,64', ''),
(3876, 236, 194, '332456', '4,10,12,1,2,26,27,22,20,25,32,39,36,41,55,52,51,57,60,62,63,65,69,61', ''),
(3877, 236, 194, '332456', '8,11,2,10,1,25,18,26,30,28,36,32,44,40,50,55,47,51,46,69,61,72,64,73', ''),
(3878, 236, 194, '332456', '8,9,12,14,5,24,27,19,30,17,36,43,38,40,53,54,57,55,49,75,73,62,61,71', ''),
(3879, 236, 194, '332456', '13,11,9,8,1,25,19,30,17,16,41,45,36,38,60,52,58,49,47,74,66,62,75,61', ''),
(3880, 236, 194, '332456', '14,2,8,13,3,17,18,26,21,30,42,41,38,43,55,49,53,52,56,70,67,69,74,61', ''),
(3881, 236, 194, '332456', '13,14,1,15,3,27,24,26,16,28,43,45,37,41,59,50,58,54,60,63,65,68,72,70', ''),
(3882, 237, 195, '300197', '5,7,14,15,4,20,17,24,30,21,32,40,34,31,57,46,55,52,53,74,63,70,69,62', ''),
(3883, 237, 195, '300197', '4,14,3,8,5,27,22,24,25,29,35,45,40,38,54,58,52,48,55,74,66,65,73,62', ''),
(3884, 237, 195, '300197', '9,6,7,5,10,28,26,16,24,18,34,35,45,42,48,57,55,47,56,65,64,61,70,62', ''),
(3885, 237, 195, '300197', '4,10,2,7,9,30,21,26,25,28,42,33,36,40,52,51,53,58,56,69,73,75,74,68', ''),
(3886, 237, 195, '300197', '1,7,2,6,8,26,28,22,23,20,45,40,38,43,58,50,54,59,57,69,73,71,67,65', ''),
(3887, 237, 195, '300197', '14,4,11,1,12,19,22,25,28,29,44,42,39,33,52,53,56,46,54,64,62,65,72,75', ''),
(3888, 237, 195, '300197', '9,10,11,12,13,30,22,27,25,19,37,35,40,44,48,58,47,55,60,67,64,71,61,73', ''),
(3889, 237, 195, '300197', '13,14,3,11,9,24,25,22,18,20,40,35,38,33,59,55,57,60,48,74,67,71,62,68', ''),
(3890, 237, 195, '300197', '3,13,11,1,7,23,18,30,22,24,32,42,31,45,51,60,56,54,59,75,73,63,61,67', ''),
(3891, 237, 195, '300197', '1,9,3,15,2,19,22,28,20,25,45,35,32,33,48,47,50,51,58,68,74,71,69,66', ''),
(3892, 237, 195, '300197', '10,11,8,5,6,23,22,24,30,25,32,39,36,34,50,54,59,49,51,68,73,63,64,67', ''),
(3893, 237, 195, '300197', '10,4,14,15,12,19,26,16,20,27,31,33,42,44,46,48,47,52,53,64,69,65,71,62', ''),
(3894, 237, 195, '300197', '5,11,9,2,14,29,30,24,17,25,43,32,38,44,51,57,60,46,48,65,67,69,73,70', ''),
(3895, 237, 195, '300197', '11,2,12,15,4,20,30,26,28,25,34,42,44,33,53,55,57,54,52,75,67,64,63,69', ''),
(3896, 237, 195, '300197', '3,4,7,1,8,22,18,19,28,16,40,36,33,31,46,48,47,58,56,61,69,74,68,71', ''),
(3897, 237, 195, '300197', '1,10,9,12,2,25,27,23,29,22,34,32,41,35,56,55,48,46,47,62,72,63,70,71', ''),
(3898, 237, 195, '300197', '10,15,7,2,11,22,17,30,19,26,33,44,31,38,54,52,59,47,51,75,68,73,69,65', ''),
(3899, 237, 195, '300197', '4,11,6,3,10,19,21,22,29,28,37,39,32,41,49,57,51,55,56,64,63,65,71,61', ''),
(3900, 237, 195, '300197', '11,5,3,8,14,24,27,17,21,16,42,34,37,41,48,46,60,52,57,71,74,75,72,64', ''),
(3901, 237, 195, '300197', '8,6,10,15,9,29,20,24,25,22,36,31,45,34,55,47,50,59,54,65,63,74,67,61', ''),
(3902, 237, 195, '300197', '12,11,10,15,9,20,30,23,28,18,45,41,35,38,57,52,53,56,51,64,65,61,75,66', ''),
(3903, 237, 195, '300197', '14,11,7,5,1,22,20,18,24,23,45,33,32,39,53,60,47,49,48,67,75,68,71,65', ''),
(3904, 237, 195, '300197', '9,5,13,10,1,17,26,18,20,29,42,41,38,45,52,53,59,57,51,66,63,62,67,70', ''),
(3905, 237, 195, '300197', '8,7,15,9,2,19,25,22,18,17,32,31,39,42,52,58,49,47,51,63,66,68,71,74', ''),
(3906, 237, 195, '300197', '10,5,7,2,15,23,22,30,17,21,35,39,40,45,56,54,52,57,47,62,68,66,75,73', ''),
(3907, 237, 195, '300197', '2,14,5,10,9,27,24,29,26,17,31,35,38,41,52,46,57,47,54,74,67,65,66,64', ''),
(3908, 237, 195, '300197', '6,13,11,5,14,23,27,26,24,30,42,32,41,43,55,47,48,50,51,69,63,73,72,65', ''),
(3909, 237, 195, '300197', '7,2,11,6,12,21,16,26,20,22,33,43,31,37,52,50,58,48,60,75,68,71,72,73', ''),
(3910, 237, 195, '300197', '8,2,9,11,3,25,28,18,22,16,40,36,38,42,55,49,52,47,57,67,71,64,74,70', ''),
(3911, 237, 195, '300197', '3,6,15,2,9,24,19,27,17,26,33,42,39,44,52,47,58,60,51,66,68,70,62,71', ''),
(3912, 237, 195, '300197', '7,1,2,4,9,24,19,22,28,16,40,43,34,31,52,54,59,58,56,73,72,69,68,71', ''),
(3913, 237, 195, '300197', '7,1,5,10,2,27,30,16,24,20,41,33,35,42,57,48,50,52,54,68,65,62,75,64', ''),
(3914, 237, 195, '300197', '11,3,5,2,6,30,17,25,29,24,33,32,34,41,47,58,59,54,50,73,64,68,75,71', ''),
(3915, 237, 195, '300197', '11,8,4,7,14,21,29,24,16,30,35,42,41,40,59,52,55,53,56,75,66,67,64,70', ''),
(3916, 237, 195, '300197', '9,10,3,7,14,26,30,20,29,18,45,37,32,44,49,52,55,50,48,70,63,75,67,65', ''),
(3917, 237, 195, '300197', '13,15,12,1,6,21,16,24,25,29,33,43,40,45,57,52,58,46,49,65,62,72,66,71', ''),
(3918, 237, 195, '300197', '8,5,13,9,3,17,25,26,21,16,45,42,41,39,48,59,50,58,46,72,67,69,62,63', ''),
(3919, 237, 195, '300197', '7,6,5,3,12,24,29,28,17,19,32,34,39,36,49,60,52,47,58,66,71,61,63,70', ''),
(3920, 237, 195, '300197', '3,5,12,6,11,17,20,16,28,23,42,40,34,39,48,58,54,46,49,73,68,67,63,75', ''),
(3921, 237, 195, '300197', '13,10,2,11,12,27,16,20,28,24,34,43,44,40,50,49,54,48,46,69,73,62,71,64', ''),
(3922, 237, 195, '300197', '10,15,11,8,14,21,17,16,20,18,42,35,44,37,49,51,58,50,48,64,62,67,73,72', ''),
(3923, 237, 195, '300197', '3,7,15,6,14,20,26,19,22,21,42,32,31,44,48,46,47,54,56,75,71,68,64,69', ''),
(3924, 237, 195, '300197', '4,7,15,12,10,22,27,29,21,28,31,36,32,44,60,49,55,52,54,72,66,67,74,69', ''),
(3925, 237, 195, '300197', '10,5,12,15,3,28,24,19,20,21,39,38,31,43,54,47,52,49,55,65,63,69,66,73', ''),
(3926, 237, 195, '300197', '15,7,6,2,5,27,17,19,20,29,45,43,42,40,48,55,46,56,60,71,68,70,65,61', ''),
(3927, 237, 195, '300197', '7,2,3,4,6,27,25,16,22,26,45,42,38,34,50,58,56,57,53,70,61,66,75,74', ''),
(3928, 237, 195, '300197', '3,2,7,12,1,29,18,23,25,22,40,34,43,44,53,58,57,60,48,64,65,74,70,71', ''),
(3929, 237, 195, '300197', '10,6,5,11,15,27,24,17,19,18,32,44,41,39,59,58,53,49,55,65,66,69,63,70', ''),
(3930, 237, 195, '300197', '7,6,2,15,1,16,28,30,29,17,41,39,35,31,52,55,59,54,46,70,75,69,64,65', ''),
(3931, 237, 195, '300197', '5,8,6,7,9,21,28,29,22,23,34,37,42,43,54,57,60,56,51,74,72,75,71,68', ''),
(3932, 237, 195, '300197', '11,7,12,9,6,26,23,22,25,19,33,43,38,39,60,47,55,46,51,75,65,70,72,61', ''),
(3933, 237, 195, '300197', '1,9,12,11,3,24,20,17,19,28,37,32,42,31,53,54,60,46,51,62,71,66,65,69', ''),
(3934, 237, 195, '300197', '9,8,14,1,13,16,22,25,24,23,34,31,35,37,52,60,58,46,54,75,66,65,67,68', ''),
(3935, 237, 195, '300197', '6,8,15,7,11,24,20,17,28,18,40,35,37,33,60,56,55,46,58,65,63,74,73,68', ''),
(3936, 237, 195, '300197', '7,3,11,5,1,25,18,20,28,17,45,44,41,40,46,54,57,47,59,63,73,65,72,64', ''),
(3937, 237, 195, '300197', '13,3,4,2,10,23,24,16,26,29,34,42,45,35,54,53,57,55,47,70,65,71,68,75', ''),
(3938, 237, 195, '300197', '5,11,1,6,8,18,21,24,27,19,41,39,35,45,51,49,54,56,48,64,62,68,69,73', ''),
(3939, 237, 195, '300197', '10,14,15,7,3,19,27,18,26,21,37,32,39,34,47,51,58,55,54,68,62,74,69,73', ''),
(3940, 237, 195, '300197', '4,13,9,10,14,22,17,19,30,24,38,31,36,42,60,51,54,56,58,67,69,70,64,75', ''),
(3941, 237, 195, '300197', '6,7,15,3,8,26,22,16,24,28,31,34,40,43,50,60,57,52,47,63,70,69,67,72', ''),
(3942, 237, 195, '300197', '6,3,10,11,7,30,17,24,29,19,41,39,31,40,58,50,56,60,54,66,64,69,73,74', ''),
(3943, 237, 195, '300197', '7,3,1,4,9,18,22,29,16,25,35,43,38,31,58,53,47,57,55,67,63,73,72,64', ''),
(3944, 237, 195, '300197', '4,3,9,8,13,25,30,27,20,18,42,38,31,41,59,60,53,52,49,63,68,74,71,65', ''),
(3945, 237, 195, '300197', '11,14,4,8,10,25,19,30,24,22,36,31,32,43,56,52,46,60,59,70,72,65,73,68', ''),
(3946, 237, 195, '300197', '13,15,4,3,1,28,30,17,29,27,43,44,32,36,50,57,53,56,58,71,63,66,62,61', ''),
(3947, 237, 195, '300197', '5,4,7,1,10,16,21,28,26,18,39,42,38,36,48,49,56,52,53,70,74,73,68,65', ''),
(3948, 237, 195, '300197', '1,11,13,2,7,25,28,21,27,20,36,41,45,42,47,51,56,53,55,64,65,67,71,74', ''),
(3949, 237, 195, '300197', '12,6,5,2,4,23,19,28,25,18,42,31,41,44,50,49,46,47,51,70,64,69,75,63', ''),
(3950, 237, 195, '300197', '11,3,9,2,14,23,22,20,28,26,36,38,35,39,46,48,49,55,53,71,61,73,70,64', ''),
(3951, 237, 195, '300197', '1,15,3,6,12,24,19,21,28,20,45,35,37,41,56,52,47,46,50,61,67,72,70,64', ''),
(3952, 237, 195, '300197', '11,2,14,1,12,19,30,23,28,20,41,37,42,35,48,51,60,49,50,68,62,73,63,66', ''),
(3953, 237, 195, '300197', '1,11,5,13,10,25,17,16,18,27,42,31,44,33,53,49,47,55,51,71,62,74,72,68', ''),
(3954, 237, 195, '300197', '15,7,1,4,5,18,24,29,16,20,44,31,41,43,46,54,52,55,48,74,66,70,65,63', ''),
(3955, 237, 195, '300197', '4,3,10,14,13,23,17,22,16,21,42,40,41,43,53,59,60,55,54,75,72,69,65,62', ''),
(3956, 237, 195, '300197', '14,7,11,5,13,27,24,17,29,25,33,41,39,35,59,57,60,54,46,75,66,68,65,71', ''),
(3957, 237, 195, '300197', '15,4,7,3,5,17,16,21,24,25,43,45,31,32,60,53,59,51,52,70,73,69,72,75', ''),
(3958, 237, 195, '300197', '14,9,10,3,1,28,16,19,22,30,39,45,40,33,50,48,57,55,49,67,64,73,72,69', ''),
(3959, 237, 195, '300197', '5,14,2,15,13,19,21,28,16,29,34,42,31,44,54,53,49,58,60,65,71,64,68,67', ''),
(3960, 237, 195, '300197', '5,1,12,11,4,24,26,28,17,23,37,36,31,34,46,53,57,49,59,61,73,62,72,67', ''),
(3961, 237, 195, '300197', '12,14,13,5,3,20,16,17,24,30,39,34,36,42,51,47,59,53,52,65,66,64,72,69', ''),
(3962, 237, 195, '300197', '1,2,14,7,12,18,24,30,17,25,31,37,43,41,56,52,48,58,57,73,62,68,66,61', ''),
(3963, 237, 195, '300197', '8,6,3,1,5,20,28,24,30,23,34,38,37,35,57,53,54,56,49,64,66,70,67,71', ''),
(3964, 237, 195, '300197', '10,14,12,15,3,21,27,25,30,20,39,42,34,38,60,52,47,48,51,73,63,64,68,71', ''),
(3965, 237, 195, '300197', '7,9,1,14,5,20,28,24,26,22,31,38,37,34,58,53,59,46,52,72,74,71,68,64', ''),
(3966, 237, 195, '300197', '14,6,1,10,9,18,29,30,28,24,38,42,32,41,54,46,48,59,60,68,66,75,69,73', ''),
(3967, 237, 195, '300197', '14,1,15,13,4,20,30,18,24,26,43,36,35,34,54,52,50,48,46,71,63,62,70,72', ''),
(3968, 237, 195, '300197', '15,1,3,5,6,22,23,20,24,17,35,31,34,41,54,55,59,58,49,64,71,68,61,75', ''),
(3969, 237, 195, '300197', '6,9,4,8,14,27,21,20,26,18,34,44,40,38,56,48,50,46,53,74,64,75,63,61', ''),
(3970, 237, 195, '300197', '2,8,7,3,11,28,19,30,18,26,33,43,35,44,52,51,49,56,46,68,72,62,67,61', ''),
(3971, 237, 195, '300197', '3,15,12,5,9,19,22,23,20,24,35,41,39,31,52,54,57,60,53,71,66,75,61,70', ''),
(3972, 237, 195, '300197', '1,14,13,12,10,17,24,22,19,23,39,41,32,37,46,54,48,59,52,66,74,72,61,65', ''),
(3973, 237, 195, '300197', '2,15,14,4,11,19,22,27,17,18,31,40,39,42,46,56,57,50,54,70,75,73,72,69', ''),
(3974, 237, 195, '300197', '7,3,6,14,12,20,28,27,18,23,32,36,31,34,51,46,54,49,55,63,66,68,75,62', ''),
(3975, 237, 195, '300197', '11,1,6,7,14,29,26,19,22,16,44,36,42,33,56,51,53,59,48,66,63,61,71,62', ''),
(3976, 237, 195, '300197', '6,7,10,5,12,19,26,30,28,18,38,34,37,39,55,57,51,53,59,68,62,63,64,69', ''),
(3977, 237, 195, '300197', '3,6,7,9,10,18,24,21,22,30,44,43,37,40,56,49,52,58,47,64,72,69,71,65', ''),
(3978, 237, 195, '300197', '8,10,11,7,3,16,18,27,24,29,45,41,43,35,53,47,60,54,52,68,63,67,75,74', ''),
(3979, 237, 195, '300197', '9,10,4,8,7,25,30,18,23,19,34,37,35,39,59,58,53,55,56,61,70,74,72,69', ''),
(3980, 237, 195, '300197', '1,4,9,2,3,21,20,25,22,28,42,32,37,35,60,50,56,57,48,69,66,63,67,72', ''),
(3981, 237, 195, '300197', '2,8,14,10,7,28,30,27,25,21,38,34,42,41,50,56,48,52,53,69,74,73,71,72', ''),
(3982, 237, 195, '300197', '8,4,11,3,12,30,17,28,21,23,36,44,34,38,46,60,55,57,48,61,65,63,74,70', ''),
(3983, 237, 195, '300197', '14,10,15,6,8,29,20,18,21,19,39,45,42,40,52,54,48,47,55,62,73,69,64,66', ''),
(3984, 237, 195, '300197', '7,12,2,13,11,28,29,26,20,25,38,41,39,31,47,51,54,46,48,62,66,71,69,65', ''),
(3985, 237, 195, '300197', '11,7,5,1,8,26,18,28,25,21,37,31,44,41,55,47,51,50,60,66,74,68,67,64', ''),
(3986, 237, 195, '300197', '6,12,5,14,1,20,27,25,30,23,45,33,40,44,60,46,57,52,59,64,62,66,73,71', ''),
(3987, 237, 195, '300197', '7,2,9,11,14,27,21,29,17,24,39,44,41,36,57,53,50,47,49,69,71,75,62,66', ''),
(3988, 237, 195, '300197', '4,3,15,10,6,22,20,30,26,27,41,42,44,32,47,58,55,51,49,62,69,71,70,61', ''),
(3989, 237, 195, '300197', '9,14,1,3,11,19,20,24,22,30,35,44,45,32,47,50,60,56,49,63,74,72,71,73', ''),
(3990, 237, 195, '300197', '12,6,7,11,10,18,28,30,19,24,43,45,31,36,56,49,47,46,58,69,75,72,61,62', ''),
(3991, 237, 195, '300197', '8,15,10,5,4,21,28,24,23,25,45,32,43,34,48,57,47,52,60,66,75,62,69,68', ''),
(3992, 237, 195, '300197', '7,8,11,14,10,18,29,21,23,27,43,42,40,37,49,51,59,60,53,67,64,65,73,69', ''),
(3993, 237, 195, '300197', '14,1,15,6,11,26,29,25,17,16,34,35,41,37,51,60,47,57,53,62,69,67,68,63', ''),
(3994, 237, 195, '300197', '8,3,12,13,10,17,29,18,24,30,33,38,37,31,57,58,60,54,56,66,70,75,73,61', ''),
(3995, 237, 195, '300197', '13,9,15,5,6,16,28,17,20,19,41,31,39,35,57,46,60,51,53,65,64,72,66,71', ''),
(3996, 237, 195, '300197', '15,11,5,9,8,21,28,22,17,27,32,39,38,45,59,60,49,58,53,72,65,69,67,62', ''),
(3997, 237, 195, '300197', '9,3,10,8,11,16,30,27,22,18,43,34,36,40,55,49,54,57,53,70,69,68,61,64', ''),
(3998, 237, 195, '300197', '10,5,9,4,13,16,17,23,18,26,35,40,37,42,51,57,54,60,48,71,64,61,63,70', ''),
(3999, 237, 195, '300197', '6,8,2,1,14,22,18,20,30,25,45,42,31,44,53,49,50,54,59,65,70,61,75,69', ''),
(4000, 237, 195, '300197', '14,13,15,1,5,27,30,21,18,20,39,36,41,40,52,46,53,49,51,75,72,69,66,73', ''),
(4001, 237, 195, '300197', '5,2,3,13,8,25,22,16,29,20,42,37,38,39,58,60,51,54,52,62,67,70,68,75', ''),
(4002, 237, 195, '300197', '14,12,11,7,1,23,22,30,18,24,40,34,33,38,50,48,57,49,59,67,63,70,75,65', ''),
(4003, 237, 195, '300197', '5,4,13,3,6,19,26,23,18,30,43,44,36,34,56,52,49,46,47,70,62,74,65,69', ''),
(4004, 237, 195, '300197', '5,8,7,10,1,25,19,29,16,24,37,43,35,42,49,60,50,55,58,62,73,68,70,67', ''),
(4005, 237, 195, '300197', '2,15,8,9,6,21,30,22,16,29,33,34,40,36,46,58,52,57,48,64,68,71,73,61', ''),
(4006, 237, 195, '300197', '10,4,8,7,12,21,23,26,18,19,34,31,44,42,57,51,59,48,54,62,64,74,73,68', ''),
(4007, 237, 195, '300197', '5,8,9,14,7,27,20,19,16,26,44,40,34,35,55,54,48,58,59,61,72,68,71,63', ''),
(4008, 237, 195, '300197', '15,5,1,6,7,22,17,27,28,21,32,31,45,40,53,55,48,47,51,65,74,63,62,70', ''),
(4009, 237, 195, '300197', '8,2,10,13,4,20,29,19,27,16,37,42,33,31,48,47,51,60,49,73,66,65,72,74', ''),
(4010, 237, 195, '300197', '4,11,6,9,3,29,22,27,25,18,42,35,41,40,46,59,49,55,52,62,67,74,61,71', ''),
(4011, 237, 195, '300197', '12,14,5,9,13,21,29,23,27,30,41,45,35,33,54,55,49,46,51,71,65,75,74,66', ''),
(4012, 237, 195, '300197', '1,8,13,7,5,23,20,24,17,28,39,41,44,35,51,46,59,49,50,72,61,67,63,64', ''),
(4013, 237, 195, '300197', '1,15,13,4,6,20,26,21,27,30,40,33,38,44,46,49,51,52,56,74,67,64,65,70', ''),
(4014, 237, 195, '300197', '11,5,13,12,14,27,30,19,18,23,32,34,31,37,58,55,60,59,51,72,73,65,68,70', ''),
(4015, 237, 195, '300197', '15,7,10,6,1,29,17,22,28,30,38,31,42,44,51,59,57,47,50,62,68,73,65,71', ''),
(4016, 237, 195, '300197', '9,15,3,5,14,27,18,21,28,16,35,37,36,45,46,47,60,57,52,62,61,65,73,71', ''),
(4017, 237, 195, '300197', '3,15,8,9,12,29,19,20,23,18,34,42,37,43,50,53,55,59,47,67,69,71,73,75', ''),
(4018, 237, 195, '300197', '4,8,7,13,5,22,28,20,26,18,31,32,33,45,50,51,47,48,57,64,65,72,70,68', ''),
(4019, 237, 195, '300197', '6,10,7,4,15,20,19,22,30,23,37,43,44,36,51,57,54,49,56,62,70,66,68,72', ''),
(4020, 237, 195, '300197', '9,5,3,1,12,23,19,26,17,21,40,34,32,38,51,53,46,58,49,62,65,64,67,72', ''),
(4021, 237, 195, '300197', '5,10,11,9,2,27,26,17,22,25,43,39,36,33,53,59,49,58,47,69,74,64,68,70', ''),
(4022, 237, 195, '300197', '5,12,4,3,1,28,19,16,21,30,34,37,32,45,59,46,49,54,55,63,61,64,68,75', ''),
(4023, 237, 195, '300197', '4,11,15,9,3,19,27,18,28,24,40,37,34,41,50,51,52,60,48,74,68,69,73,62', ''),
(4024, 237, 195, '300197', '5,13,7,9,6,24,21,22,25,26,44,32,42,33,50,53,58,51,55,74,63,62,69,73', ''),
(4025, 237, 195, '300197', '1,11,15,2,10,23,28,24,25,30,36,44,39,45,46,48,58,47,56,65,70,74,73,61', ''),
(4026, 237, 195, '300197', '1,6,15,10,4,17,18,29,19,28,45,35,34,32,49,48,54,55,51,69,61,64,62,75', ''),
(4027, 237, 195, '300197', '5,9,1,7,4,28,29,25,27,16,36,37,42,41,56,53,55,50,52,71,74,70,66,62', ''),
(4028, 237, 195, '300197', '3,9,10,6,2,22,23,26,20,25,40,43,39,33,55,50,48,58,54,63,74,66,72,61', ''),
(4029, 237, 195, '300197', '5,9,10,14,1,20,17,19,23,28,40,38,33,31,52,55,60,47,49,74,71,66,73,70', ''),
(4030, 237, 195, '300197', '9,8,4,6,14,26,18,25,21,20,39,32,37,34,50,54,58,53,46,67,71,72,61,64', ''),
(4031, 237, 195, '300197', '13,10,3,8,12,20,26,28,30,21,31,43,45,37,47,52,50,53,59,72,67,74,70,75', ''),
(4032, 237, 195, '300197', '13,9,6,4,7,26,25,29,24,27,32,36,38,35,50,49,54,52,57,73,63,68,67,72', ''),
(4033, 237, 195, '300197', '1,5,7,8,6,21,25,16,17,27,45,41,34,43,56,52,46,53,59,62,72,66,71,70', ''),
(4034, 237, 195, '300197', '1,11,3,12,8,22,20,17,21,24,45,44,42,40,46,59,47,51,57,72,75,62,66,74', ''),
(4035, 237, 195, '300197', '14,5,1,8,3,21,23,18,30,25,34,39,31,43,51,46,59,52,58,70,73,61,69,72', ''),
(4036, 237, 195, '300197', '12,13,3,4,2,22,21,30,27,17,36,41,31,45,47,54,55,57,60,69,72,74,63,75', ''),
(4037, 237, 195, '300197', '9,3,2,7,13,24,29,26,22,19,37,40,41,39,54,55,57,46,56,64,70,61,69,63', ''),
(4038, 237, 195, '300197', '14,7,6,2,13,22,17,25,20,16,45,42,44,35,57,46,56,50,51,74,72,70,68,71', ''),
(4039, 237, 195, '300197', '13,11,6,7,4,27,18,24,25,17,33,45,34,41,47,55,46,50,53,74,64,68,71,75', ''),
(4040, 237, 195, '300197', '6,3,13,11,7,17,22,18,30,24,43,31,38,42,55,50,51,59,56,71,62,61,68,69', ''),
(4041, 237, 195, '300197', '3,4,9,12,6,18,27,28,30,20,33,34,38,39,56,53,51,58,52,74,63,70,68,73', ''),
(4042, 237, 195, '300197', '8,4,9,14,7,17,18,28,16,30,38,45,35,34,52,60,59,54,46,63,71,61,66,65', ''),
(4043, 237, 195, '300197', '3,11,4,6,13,17,25,16,18,23,31,33,36,37,56,53,60,58,59,69,74,72,71,61', ''),
(4044, 237, 195, '300197', '1,9,3,11,4,23,19,22,21,30,34,33,43,42,58,55,53,59,48,73,69,63,74,62', ''),
(4045, 237, 195, '300197', '1,11,9,10,3,16,19,28,26,18,38,31,39,41,54,53,58,55,50,62,61,65,70,66', ''),
(4046, 237, 195, '300197', '12,2,14,5,10,28,22,16,20,23,40,43,36,39,51,60,52,46,56,69,64,75,68,72', ''),
(4047, 237, 195, '300197', '12,2,14,6,3,26,19,16,23,25,42,32,43,35,47,50,59,48,58,65,66,73,67,68', ''),
(4048, 237, 195, '300197', '4,3,5,2,14,18,30,19,24,27,32,36,34,40,54,55,49,47,58,65,64,66,74,75', ''),
(4049, 237, 195, '300197', '3,5,15,13,14,24,19,23,18,27,35,34,37,40,54,60,55,51,46,65,75,69,73,70', ''),
(4050, 237, 195, '300197', '7,15,8,10,13,22,17,26,16,23,37,38,39,40,58,48,59,53,60,72,67,63,62,61', ''),
(4051, 237, 195, '300197', '10,5,11,8,4,25,20,29,18,19,32,40,43,34,50,53,59,56,48,63,73,67,64,61', ''),
(4052, 237, 195, '300197', '4,7,3,2,15,23,17,22,20,26,32,36,40,33,60,58,46,52,51,74,62,65,64,70', ''),
(4053, 237, 195, '300197', '14,8,9,4,12,21,17,16,22,23,36,40,44,45,55,58,57,54,53,69,61,62,75,74', ''),
(4054, 237, 195, '300197', '2,1,8,10,5,20,28,25,27,24,32,40,34,41,49,52,50,55,57,71,69,62,61,75', ''),
(4055, 237, 195, '300197', '2,10,7,8,4,16,20,29,26,21,42,37,38,34,54,48,58,46,49,65,67,72,70,64', ''),
(4056, 237, 195, '300197', '15,14,10,3,11,30,25,18,21,19,34,41,42,31,51,57,50,47,53,71,64,68,72,65', ''),
(4057, 237, 195, '300197', '11,5,14,2,10,26,21,28,27,18,36,41,42,37,58,50,54,46,60,74,70,67,69,61', ''),
(4058, 237, 195, '300197', '15,6,8,4,11,23,27,22,21,29,40,42,38,36,49,55,52,47,54,75,72,73,64,62', ''),
(4059, 237, 195, '300197', '9,11,15,14,12,20,27,30,29,26,39,34,44,35,52,60,55,58,51,63,65,73,69,66', ''),
(4060, 237, 195, '300197', '7,6,8,9,1,19,28,29,18,17,37,32,45,43,51,56,50,48,49,75,61,64,68,72', ''),
(4061, 237, 195, '300197', '11,1,14,4,5,21,25,27,19,28,40,43,42,35,59,55,47,49,50,69,64,68,73,75', ''),
(4062, 237, 195, '300197', '13,7,12,11,5,30,28,27,18,20,39,44,42,31,51,55,57,52,48,66,68,64,75,70', ''),
(4063, 237, 195, '300197', '9,1,6,8,2,20,24,30,28,27,32,39,43,41,56,53,50,59,48,62,73,67,72,61', ''),
(4064, 237, 195, '300197', '4,2,5,6,10,26,18,16,29,30,37,33,36,42,47,49,60,56,52,61,63,68,75,69', ''),
(4065, 237, 195, '300197', '7,12,11,9,8,18,24,23,30,17,37,39,33,44,54,48,52,56,57,62,68,70,61,75', ''),
(4066, 237, 195, '300197', '3,1,14,7,8,23,26,16,24,25,37,39,40,35,60,58,55,50,51,75,68,61,64,65', ''),
(4067, 237, 195, '300197', '2,9,14,13,8,19,20,17,25,18,34,44,41,35,59,57,53,46,49,68,74,70,61,72', ''),
(4068, 237, 195, '300197', '6,15,11,10,9,17,26,18,23,29,34,35,32,45,56,50,58,54,57,70,66,74,62,61', ''),
(4069, 237, 195, '300197', '11,9,6,2,13,26,27,17,19,25,34,43,44,40,60,48,47,54,51,63,67,72,73,70', ''),
(4070, 237, 195, '300197', '3,7,11,6,14,22,27,25,23,30,41,43,38,45,56,48,51,46,52,70,72,74,67,62', ''),
(4071, 237, 195, '300197', '12,11,2,8,3,25,29,20,30,26,39,43,41,40,50,57,46,58,51,73,72,66,67,61', ''),
(4072, 237, 195, '300197', '6,8,11,14,12,24,20,19,17,18,41,37,32,36,52,59,60,49,50,62,65,69,70,73', ''),
(4073, 237, 195, '300197', '4,2,8,9,3,27,22,29,17,25,37,43,36,38,55,54,52,48,50,66,63,62,67,74', ''),
(4074, 237, 195, '300197', '14,1,2,3,12,26,25,29,20,21,43,37,34,32,59,48,56,55,57,64,66,68,61,67', ''),
(4075, 237, 195, '300197', '7,9,13,12,6,27,25,29,16,23,32,35,36,33,53,46,56,58,54,70,65,66,71,75', ''),
(4076, 237, 195, '300197', '6,3,15,7,11,30,17,23,27,28,40,37,32,43,50,60,47,57,52,75,69,72,64,63', ''),
(4077, 237, 195, '300197', '15,5,2,7,1,23,16,26,30,17,34,32,33,36,50,54,55,53,59,70,74,64,68,66', ''),
(4078, 237, 195, '300197', '2,11,4,1,14,29,28,21,20,22,32,41,31,33,49,58,48,57,54,62,72,61,71,70', ''),
(4079, 237, 195, '300197', '15,3,5,11,7,21,26,22,20,28,38,43,40,33,46,48,55,60,58,75,73,67,71,64', ''),
(4080, 237, 195, '300197', '9,6,8,15,13,22,28,20,25,27,32,45,36,34,48,50,55,54,52,71,65,74,66,72', ''),
(4081, 237, 195, '300197', '7,6,11,2,10,28,21,25,24,17,45,36,35,43,48,58,56,51,60,74,68,70,61,62', '');

-- --------------------------------------------------------

--
-- Table structure for table `game`
--

CREATE TABLE `game` (
  `id` int(11) NOT NULL,
  `game name` text NOT NULL,
  `creator` int(11) NOT NULL,
  `current_number` text NOT NULL,
  `numbers` text NOT NULL
) ENGINE=InnoDB DEFAULT CHARSET=latin1;

--
-- Dumping data for table `game`
--

INSERT INTO `game` (`id`, `game name`, `creator`, `current_number`, `numbers`) VALUES
(194, '', 1, '', ''),
(195, '', 1, '', '');

-- --------------------------------------------------------

--
-- Table structure for table `players`
--

CREATE TABLE `players` (
  `id` int(11) NOT NULL,
  `name` text NOT NULL,
  `game` int(11) NOT NULL,
  `creator` int(11) NOT NULL,
  `serial` text NOT NULL
) ENGINE=InnoDB DEFAULT CHARSET=latin1;

--
-- Dumping data for table `players`
--

INSERT INTO `players` (`id`, `name`, `game`, `creator`, `serial`) VALUES
(236, '', 194, 1, '54322'),
(237, '', 195, 1, '68059');

-- --------------------------------------------------------

--
-- Table structure for table `users`
--

CREATE TABLE `users` (
  `id` int(11) NOT NULL,
  `name` text NOT NULL,
  `type` text NOT NULL COMMENT '1- super admin; 2-caller',
  `password` text NOT NULL,
  `assigned_game` int(11) NOT NULL
) ENGINE=InnoDB DEFAULT CHARSET=latin1;

--
-- Dumping data for table `users`
--

INSERT INTO `users` (`id`, `name`, `type`, `password`, `assigned_game`) VALUES
(1, 'superadmin', '1', '123', 0),
(12, 'caller', '2', '417820', 76),
(14, 'caller', '2', '255184', 78),
(15, 'caller', '2', '928958', 79),
(17, 'caller', '2', '600049', 81),
(18, 'caller', '2', '447493', 82),
(19, 'caller', '2', '489074', 83),
(20, 'caller', '2', '419019', 84),
(21, 'caller', '2', '570234', 85),
(22, 'caller', '2', '954049', 86),
(23, 'caller', '2', '399337', 87),
(24, 'caller', '2', '653295', 88),
(25, 'caller', '2', '551231', 89),
(26, 'caller', '2', '408848', 90),
(27, 'caller', '2', '641172', 91),
(35, 'caller', '2', '987613', 99),
(36, 'caller', '2', '472883', 100),
(37, 'caller', '2', '756951', 101),
(38, 'caller', '2', '664086', 102),
(39, 'caller', '2', '610694', 103),
(40, 'caller', '2', '491957', 104),
(41, 'caller', '2', '319311', 105),
(48, 'caller', '2', '503165', 112),
(55, 'caller', '2', '586480', 119),
(56, 'caller', '2', '972307', 120),
(57, 'caller', '2', '296449', 121),
(118, 'caller', '2', '406475', 190),
(119, 'caller', '2', '221635', 191),
(120, 'caller', '2', '637482', 192),
(121, 'caller', '2', '931754', 193),
(122, 'caller', '2', '361059', 194),
(123, 'caller', '2', '297575', 195);

--
-- Indexes for dumped tables
--

--
-- Indexes for table `caller`
--
ALTER TABLE `caller`
  ADD PRIMARY KEY (`id`);

--
-- Indexes for table `cards`
--
ALTER TABLE `cards`
  ADD PRIMARY KEY (`id`),
  ADD KEY `game_id` (`game_id`),
  ADD KEY `player_id` (`player_id`);

--
-- Indexes for table `game`
--
ALTER TABLE `game`
  ADD PRIMARY KEY (`id`);

--
-- Indexes for table `players`
--
ALTER TABLE `players`
  ADD PRIMARY KEY (`id`),
  ADD KEY `game` (`game`);

--
-- Indexes for table `users`
--
ALTER TABLE `users`
  ADD PRIMARY KEY (`id`);

--
-- AUTO_INCREMENT for dumped tables
--

--
-- AUTO_INCREMENT for table `caller`
--
ALTER TABLE `caller`
  MODIFY `id` int(11) NOT NULL AUTO_INCREMENT, AUTO_INCREMENT=15;
--
-- AUTO_INCREMENT for table `cards`
--
ALTER TABLE `cards`
  MODIFY `id` int(11) NOT NULL AUTO_INCREMENT, AUTO_INCREMENT=4082;
--
-- AUTO_INCREMENT for table `game`
--
ALTER TABLE `game`
  MODIFY `id` int(11) NOT NULL AUTO_INCREMENT, AUTO_INCREMENT=196;
--
-- AUTO_INCREMENT for table `players`
--
ALTER TABLE `players`
  MODIFY `id` int(11) NOT NULL AUTO_INCREMENT, AUTO_INCREMENT=238;
--
-- AUTO_INCREMENT for table `users`
--
ALTER TABLE `users`
  MODIFY `id` int(11) NOT NULL AUTO_INCREMENT, AUTO_INCREMENT=124;
--
-- Constraints for dumped tables
--

--
-- Constraints for table `players`
--
ALTER TABLE `players`
  ADD CONSTRAINT `players_ibfk_2` FOREIGN KEY (`game`) REFERENCES `game` (`id`) ON DELETE CASCADE ON UPDATE CASCADE;

/*!40101 SET CHARACTER_SET_CLIENT=@OLD_CHARACTER_SET_CLIENT */;
/*!40101 SET CHARACTER_SET_RESULTS=@OLD_CHARACTER_SET_RESULTS */;
/*!40101 SET COLLATION_CONNECTION=@OLD_COLLATION_CONNECTION */;
